{
"lengthUnit": "mil",
"remark": [],
"components": {
	"fields": ["COMPONENT_NO", "COMPONENT_NAME", "LAYER", "X_COORDINATE", "Y_COORDINATE", "ANGLE"],
	"rows": [
		[1, "U2", "T", -915.315, 258.15, 0],
		[2, "U3", "T", 815, 1680, 180],
		[3, "PAD1", "T", 1265, 1600, 0],
		[4, "PAD1", "B", 1265, 1600, 0],
		[5, "PAD2", "T", 1265, 925, 0],
		[6, "PAD2", "B", 1265, 925, 0],
		[7, "PAD3", "T", 1264.6814, 130, 0],
		[8, "PAD3", "B", 1264.6814, 130, 0],
		[9, "PAD4", "T", 1265, -115, 0],
		[10, "PAD4", "B", 1265, -115, 0],
		[11, "PAD5", "T", 1265, -397.5, 0],
		[12, "PAD5", "B", 1265, -397.5, 0],
		[13, "PAD6", "T", 1265, -640, 0],
		[14, "PAD6", "B", 1265, -640, 0],
		[15, "PAD7", "T", 1263.8867, -898.8867, 0],
		[16, "PAD7", "B", 1263.8867, -898.8867, 0],
		[17, "PAD8", "T", 1264.7701, -999.6274, 0],
		[18, "PAD8", "B", 1264.7701, -999.6274, 0],
		[19, "PAD9", "T", -825.315, -191.85, 0],
		[20, "PAD9", "B", -825.315, -191.85, 0],
		[21, "PAD10", "T", -225.315, 108.15, 0],
		[22, "PAD10", "B", -225.315, 108.15, 0],
		[23, "PAD11", "T", -225.315, 8.15, 0],
		[24, "PAD11", "B", -225.315, 8.15, 0],
		[25, "PAD12", "T", -225.315, -191.85, 0],
		[26, "PAD12", "B", -225.315, -191.85, 0],
		[27, "PAD13", "T", -225.315, -891.85, 0],
		[28, "PAD13", "B", -225.315, -891.85, 0],
		[29, "PAD14", "T", -225.315, -991.85, 0],
		[30, "PAD14", "B", -225.315, -991.85, 0],
		[31, "PAD15", "T", 715, 925, 0],
		[32, "PAD15", "B", 715, 925, 0],
		[33, "PAD16", "T", 715, 1600, 0],
		[34, "PAD16", "B", 715, 1600, 0],
		[35, "PAD17", "T", -840, 925, 0],
		[36, "PAD17", "B", -840, 925, 0],
		[37, "PAD18", "T", -840, 1600, 0],
		[38, "PAD18", "B", -840, 1600, 0]
	]
},
"pins": {
	"fields": ["PIN_NO", "PIN_NAME", "PIN_X", "PIN_Y", "LAYER", "PIN_TYPE", "NET_NAME", "NET_TYPE", "PAD_SHAPE", "PAD_SIZEX", "PAD_SIZEY", "HOLE_SIZE", "HOLE_LEN", "PAD_ANGLE"],
	"rows": [
		[1, "U2_3V3", -225.315, -1191.85, "T", "DIP", "NET_1", "", "R", 78.74, 129.9, 39.37, 39.37, 270],
		[2, "U2_3V3", -225.315, -1191.85, "B", "DIP", "NET_1", "", "R", 78.74, 129.9, 39.37, 39.37, 270],
		[3, "U2_5V", -225.315, -191.85, "T", "DIP", "$1N764", "", "R", 78.74, 129.9, 39.37, 39.37, 270],
		[4, "U2_5V", -225.315, -191.85, "B", "DIP", "$1N764", "", "R", 78.74, 129.9, 39.37, 39.37, 270],
		[5, "U2_A0", -225.315, -991.85, "T", "DIP", "$1N803", "", "R", 78.74, 129.9, 39.37, 39.37, 270],
		[6, "U2_A0", -225.315, -991.85, "B", "DIP", "$1N803", "", "R", 78.74, 129.9, 39.37, 39.37, 270],
		[7, "U2_A1", -225.315, -891.85, "T", "DIP", "$1N794", "", "R", 78.74, 129.9, 39.37, 39.37, 270],
		[8, "U2_A1", -225.315, -891.85, "B", "DIP", "$1N794", "", "R", 78.74, 129.9, 39.37, 39.37, 270],
		[9, "U2_A2", -225.315, -791.85, "T", "DIP", "NET_2", "", "R", 78.74, 129.9, 39.37, 39.37, 270],
		[10, "U2_A2", -225.315, -791.85, "B", "DIP", "NET_2", "", "R", 78.74, 129.9, 39.37, 39.37, 270],
		[11, "U2_A3", -225.315, -691.85, "T", "DIP", "NET_3", "", "R", 78.74, 129.9, 39.37, 39.37, 270],
		[12, "U2_A3", -225.315, -691.85, "B", "DIP", "NET_3", "", "R", 78.74, 129.9, 39.37, 39.37, 270],
		[13, "U2_A4", -225.315, -591.85, "T", "DIP", "NET_4", "", "R", 78.74, 129.9, 39.37, 39.37, 270],
		[14, "U2_A4", -225.315, -591.85, "B", "DIP", "NET_4", "", "R", 78.74, 129.9, 39.37, 39.37, 270],
		[15, "U2_A5", -225.315, -491.85, "T", "DIP", "NET_5", "", "R", 78.74, 129.9, 39.37, 39.37, 270],
		[16, "U2_A5", -225.315, -491.85, "B", "DIP", "NET_5", "", "R", 78.74, 129.9, 39.37, 39.37, 270],
		[17, "U2_A6", -225.315, -391.85, "T", "DIP", "NET_6", "", "R", 78.74, 129.9, 39.37, 39.37, 270],
		[18, "U2_A6", -225.315, -391.85, "B", "DIP", "NET_6", "", "R", 78.74, 129.9, 39.37, 39.37, 270],
		[19, "U2_A7", -225.315, -291.85, "T", "DIP", "NET_7", "", "R", 78.74, 129.9, 39.37, 39.37, 270],
		[20, "U2_A7", -225.315, -291.85, "B", "DIP", "NET_7", "", "R", 78.74, 129.9, 39.37, 39.37, 270],
		[21, "U2_D10", -825.315, -1091.85, "T", "DIP", "NET_8", "", "R", 78.74, 129.9, 39.37, 39.37, 270],
		[22, "U2_D10", -825.315, -1091.85, "B", "DIP", "NET_8", "", "R", 78.74, 129.9, 39.37, 39.37, 270],
		[23, "U2_D11", -825.315, -1191.85, "T", "DIP", "NET_9", "", "R", 78.74, 129.9, 39.37, 39.37, 270],
		[24, "U2_D11", -825.315, -1191.85, "B", "DIP", "NET_9", "", "R", 78.74, 129.9, 39.37, 39.37, 270],
		[25, "U2_D12", -825.315, -1301.85, "T", "DIP", "NET_10", "", "R", 78.74, 129.9, 39.37, 39.37, 270],
		[26, "U2_D12", -825.315, -1301.85, "B", "DIP", "NET_10", "", "R", 78.74, 129.9, 39.37, 39.37, 270],
		[27, "U2_D13", -225.315, -1291.85, "T", "DIP", "NET_11", "", "R", 78.74, 129.9, 39.37, 39.37, 270],
		[28, "U2_D13", -225.315, -1291.85, "B", "DIP", "NET_11", "", "R", 78.74, 129.9, 39.37, 39.37, 270],
		[29, "U2_D2", -825.315, -291.85, "T", "DIP", "NET_12", "", "R", 78.74, 129.9, 39.37, 39.37, 270],
		[30, "U2_D2", -825.315, -291.85, "B", "DIP", "NET_12", "", "R", 78.74, 129.9, 39.37, 39.37, 270],
		[31, "U2_D3", -825.315, -391.85, "T", "DIP", "NET_13", "", "R", 78.74, 129.9, 39.37, 39.37, 270],
		[32, "U2_D3", -825.315, -391.85, "B", "DIP", "NET_13", "", "R", 78.74, 129.9, 39.37, 39.37, 270],
		[33, "U2_D4", -825.315, -491.85, "T", "DIP", "NET_14", "", "R", 78.74, 129.9, 39.37, 39.37, 270],
		[34, "U2_D4", -825.315, -491.85, "B", "DIP", "NET_14", "", "R", 78.74, 129.9, 39.37, 39.37, 270],
		[35, "U2_D5", -825.315, -591.85, "T", "DIP", "NET_15", "", "R", 78.74, 129.9, 39.37, 39.37, 270],
		[36, "U2_D5", -825.315, -591.85, "B", "DIP", "NET_15", "", "R", 78.74, 129.9, 39.37, 39.37, 270],
		[37, "U2_D6", -825.315, -691.85, "T", "DIP", "NET_16", "", "R", 78.74, 129.9, 39.37, 39.37, 270],
		[38, "U2_D6", -825.315, -691.85, "B", "DIP", "NET_16", "", "R", 78.74, 129.9, 39.37, 39.37, 270],
		[39, "U2_D7", -825.315, -791.85, "T", "DIP", "NET_17", "", "R", 78.74, 129.9, 39.37, 39.37, 270],
		[40, "U2_D7", -825.315, -791.85, "B", "DIP", "NET_17", "", "R", 78.74, 129.9, 39.37, 39.37, 270],
		[41, "U2_D8", -825.315, -891.85, "T", "DIP", "NET_18", "", "R", 78.74, 129.9, 39.37, 39.37, 270],
		[42, "U2_D8", -825.315, -891.85, "B", "DIP", "NET_18", "", "R", 78.74, 129.9, 39.37, 39.37, 270],
		[43, "U2_D9", -825.315, -991.85, "T", "DIP", "NET_19", "", "R", 78.74, 129.9, 39.37, 39.37, 270],
		[44, "U2_D9", -825.315, -991.85, "B", "DIP", "NET_19", "", "R", 78.74, 129.9, 39.37, 39.37, 270],
		[45, "U2_GND", -225.315, 8.15, "T", "DIP", "$1N726", "", "R", 78.74, 129.9, 39.37, 39.37, 270],
		[46, "U2_GND", -225.315, 8.15, "B", "DIP", "$1N726", "", "R", 78.74, 129.9, 39.37, 39.37, 270],
		[47, "U2_GND1", -825.315, -191.85, "T", "DIP", "$1N614", "", "R", 78.74, 129.9, 39.37, 39.37, 270],
		[48, "U2_GND1", -825.315, -191.85, "B", "DIP", "$1N614", "", "R", 78.74, 129.9, 39.37, 39.37, 270],
		[49, "U2_RST", -225.315, -91.85, "T", "DIP", "NET_20", "", "R", 78.74, 129.9, 39.37, 39.37, 270],
		[50, "U2_RST", -225.315, -91.85, "B", "DIP", "NET_20", "", "R", 78.74, 129.9, 39.37, 39.37, 270],
		[51, "U2_RST1", -825.315, -91.85, "T", "DIP", "NET_21", "", "R", 78.74, 129.9, 39.37, 39.37, 270],
		[52, "U2_RST1", -825.315, -91.85, "B", "DIP", "NET_21", "", "R", 78.74, 129.9, 39.37, 39.37, 270],
		[53, "U2_RX0", -825.315, 8.15, "T", "DIP", "NET_22", "", "R", 78.74, 129.9, 39.37, 39.37, 270],
		[54, "U2_RX0", -825.315, 8.15, "B", "DIP", "NET_22", "", "R", 78.74, 129.9, 39.37, 39.37, 270],
		[55, "U2_TX1", -825.315, 108.15, "T", "DIP", "NET_23", "", "R", 78.74, 129.9, 39.37, 39.37, 270],
		[56, "U2_TX1", -825.315, 108.15, "B", "DIP", "NET_23", "", "R", 78.74, 129.9, 39.37, 39.37, 270],
		[57, "U2_VIN", -225.315, 108.15, "T", "DIP", "$1N613", "", "R", 78.74, 129.9, 39.37, 39.37, 270],
		[58, "U2_VIN", -225.315, 108.15, "B", "DIP", "$1N613", "", "R", 78.74, 129.9, 39.37, 39.37, 270],
		[59, "U2_VREF", -225.315, -1091.85, "T", "DIP", "NET_24", "", "R", 78.74, 129.9, 39.37, 39.37, 270],
		[60, "U2_VREF", -225.315, -1091.85, "B", "DIP", "NET_24", "", "R", 78.74, 129.9, 39.37, 39.37, 270],
		[61, "U3_1", 715, 925, "T", "DIP", "VCC", "", "C", 63, 63, 43.3, 43.3, 180],
		[62, "U3_1", 715, 925, "B", "DIP", "VCC", "", "C", 63, 63, 43.3, 43.3, 180],
		[63, "U3_2", 715, 1600, "T", "DIP", "GND", "GND", "C", 63, 63, 43.3, 43.3, 180],
		[64, "U3_2", 715, 1600, "B", "DIP", "GND", "GND", "C", 63, 63, 43.3, 43.3, 180],
		[65, "U3_3", -840, 925, "T", "DIP", "$1N613", "", "C", 63, 63, 43.3, 43.3, 180],
		[66, "U3_3", -840, 925, "B", "DIP", "$1N613", "", "C", 63, 63, 43.3, 43.3, 180],
		[67, "U3_4", -840, 1600, "T", "DIP", "$1N614", "", "C", 63, 63, 43.3, 43.3, 180],
		[68, "U3_4", -840, 1600, "B", "DIP", "$1N614", "", "C", 63, 63, 43.3, 43.3, 180],
		[69, "PAD1_1", 1265, 1600, "T", "DIP", "GND", "GND", "C", 60, 60, 36, 36, 0],
		[70, "PAD1_1", 1265, 1600, "B", "DIP", "GND", "GND", "C", 60, 60, 36, 36, 0],
		[71, "PAD2_1", 1265, 925, "T", "DIP", "VCC", "", "C", 60, 60, 36, 36, 0],
		[72, "PAD2_1", 1265, 925, "B", "DIP", "VCC", "", "C", 60, 60, 36, 36, 0],
		[73, "PAD3_1", 1264.6814, 130, "T", "DIP", "$1N726", "", "C", 60, 60, 36, 36, 0],
		[74, "PAD3_1", 1264.6814, 130, "B", "DIP", "$1N726", "", "C", 60, 60, 36, 36, 0],
		[75, "PAD4_2", 1265, -115, "T", "DIP", "$1N726", "", "C", 60, 60, 36, 36, 0],
		[76, "PAD4_2", 1265, -115, "B", "DIP", "$1N726", "", "C", 60, 60, 36, 36, 0],
		[77, "PAD5_1", 1265, -397.5, "T", "DIP", "$1N764", "", "C", 60, 60, 36, 36, 0],
		[78, "PAD5_1", 1265, -397.5, "B", "DIP", "$1N764", "", "C", 60, 60, 36, 36, 0],
		[79, "PAD6_2", 1265, -640, "T", "DIP", "$1N764", "", "C", 60, 60, 36, 36, 0],
		[80, "PAD6_2", 1265, -640, "B", "DIP", "$1N764", "", "C", 60, 60, 36, 36, 0],
		[81, "PAD7_1", 1263.8867, -898.8867, "T", "DIP", "$1N794", "", "C", 60, 60, 36, 36, 0],
		[82, "PAD7_1", 1263.8867, -898.8867, "B", "DIP", "$1N794", "", "C", 60, 60, 36, 36, 0],
		[83, "PAD8_1", 1264.7701, -999.6274, "T", "DIP", "$1N803", "", "C", 60, 60, 36, 36, 0],
		[84, "PAD8_1", 1264.7701, -999.6274, "B", "DIP", "$1N803", "", "C", 60, 60, 36, 36, 0],
		[85, "PAD9_GND1", -825.315, -191.85, "T", "DIP", "$1N614", "", "R", 78.74, 129.9, 39.37, 39.37, 270],
		[86, "PAD9_GND1", -825.315, -191.85, "B", "DIP", "$1N614", "", "R", 78.74, 129.9, 39.37, 39.37, 270],
		[87, "PAD10_VIN", -225.315, 108.15, "T", "DIP", "$1N613", "", "R", 78.74, 129.9, 39.37, 39.37, 270],
		[88, "PAD10_VIN", -225.315, 108.15, "B", "DIP", "$1N613", "", "R", 78.74, 129.9, 39.37, 39.37, 270],
		[89, "PAD11_GND", -225.315, 8.15, "T", "DIP", "$1N726", "", "R", 78.74, 129.9, 39.37, 39.37, 270],
		[90, "PAD11_GND", -225.315, 8.15, "B", "DIP", "$1N726", "", "R", 78.74, 129.9, 39.37, 39.37, 270],
		[91, "PAD12_5V", -225.315, -191.85, "T", "DIP", "$1N764", "", "R", 78.74, 129.9, 39.37, 39.37, 270],
		[92, "PAD12_5V", -225.315, -191.85, "B", "DIP", "$1N764", "", "R", 78.74, 129.9, 39.37, 39.37, 270],
		[93, "PAD13_A1", -225.315, -891.85, "T", "DIP", "$1N794", "", "R", 78.74, 129.9, 39.37, 39.37, 270],
		[94, "PAD13_A1", -225.315, -891.85, "B", "DIP", "$1N794", "", "R", 78.74, 129.9, 39.37, 39.37, 270],
		[95, "PAD14_A0", -225.315, -991.85, "T", "DIP", "$1N803", "", "R", 78.74, 129.9, 39.37, 39.37, 270],
		[96, "PAD14_A0", -225.315, -991.85, "B", "DIP", "$1N803", "", "R", 78.74, 129.9, 39.37, 39.37, 270],
		[97, "PAD15_1", 715, 925, "T", "DIP", "VCC", "", "C", 63, 63, 43.3, 43.3, 180],
		[98, "PAD15_1", 715, 925, "B", "DIP", "VCC", "", "C", 63, 63, 43.3, 43.3, 180],
		[99, "PAD16_2", 715, 1600, "T", "DIP", "GND", "GND", "C", 63, 63, 43.3, 43.3, 180],
		[100, "PAD16_2", 715, 1600, "B", "DIP", "GND", "GND", "C", 63, 63, 43.3, 43.3, 180],
		[101, "PAD17_3", -840, 925, "T", "DIP", "$1N613", "", "C", 63, 63, 43.3, 43.3, 180],
		[102, "PAD17_3", -840, 925, "B", "DIP", "$1N613", "", "C", 63, 63, 43.3, 43.3, 180],
		[103, "PAD18_4", -840, 1600, "T", "DIP", "$1N614", "", "C", 63, 63, 43.3, 43.3, 180],
		[104, "PAD18_4", -840, 1600, "B", "DIP", "$1N614", "", "C", 63, 63, 43.3, 43.3, 180]
	]
}
}