{
"lengthUnit": "mil",
"remark": ["fly_line"],
"components": {
	"fields": ["COMPONENT_NO", "COMPONENT_NAME", "LAYER", "X_COORDINATE", "Y_COORDINATE", "ANGLE"],
	"rows": [
		[1, "GY-85", "T", 4725, -280, 0],
		[2, "U2", "T", 250, 517.9142, 0],
		[3, "U3", "T", 1845, 2032.9142, 180],
		[4, "PAD1", "T", 2150, 1955, 0],
		[5, "PAD1", "B", 2150, 1955, 0],
		[6, "PAD2", "T", 2155, 1277.9142, 0],
		[7, "PAD2", "B", 2155, 1277.9142, 0],
		[8, "PAD3", "T", 1965, -125, 0],
		[9, "PAD3", "B", 1965, -125, 0],
		[10, "PAD4", "T", 1965, -232.0858, 0],
		[11, "PAD4", "B", 1965, -232.0858, 0],
		[12, "PAD5", "T", 1965, -332.0858, 0],
		[13, "PAD5", "B", 1965, -332.0858, 0],
		[14, "PAD6", "T", 1965, -30, 0],
		[15, "PAD6", "B", 1965, -30, 0],
		[16, "PAD7", "T", 4375, -280, 0],
		[17, "PAD7", "B", 4375, -280, 0],
		[18, "PAD8", "T", 4575, -280, 0],
		[19, "PAD8", "B", 4575, -280, 0],
		[20, "PAD9", "T", 4675, -280, 0],
		[21, "PAD9", "B", 4675, -280, 0],
		[22, "PAD10", "T", 4775, -280, 0],
		[23, "PAD10", "B", 4775, -280, 0],
		[24, "PAD11", "T", 340, 67.9142, 0],
		[25, "PAD11", "B", 340, 67.9142, 0],
		[26, "PAD12", "T", 940, 367.9142, 0],
		[27, "PAD12", "B", 940, 367.9142, 0],
		[28, "PAD13", "T", 940, 267.9142, 0],
		[29, "PAD13", "B", 940, 267.9142, 0],
		[30, "PAD14", "T", 940, 67.9142, 0],
		[31, "PAD14", "B", 940, 67.9142, 0],
		[32, "PAD15", "T", 940, -232.0858, 0],
		[33, "PAD15", "B", 940, -232.0858, 0],
		[34, "PAD16", "T", 940, -332.0858, 0],
		[35, "PAD16", "B", 940, -332.0858, 0],
		[36, "PAD17", "T", 1745, 1277.9142, 0],
		[37, "PAD17", "B", 1745, 1277.9142, 0],
		[38, "PAD18", "T", 1745, 1952.9142, 0],
		[39, "PAD18", "B", 1745, 1952.9142, 0],
		[40, "PAD19", "T", 190, 1277.9142, 0],
		[41, "PAD19", "B", 190, 1277.9142, 0],
		[42, "PAD20", "T", 190, 1952.9142, 0],
		[43, "PAD20", "B", 190, 1952.9142, 0]
	]
},
"pins": {
	"fields": ["PIN_NO", "PIN_NAME", "PIN_X", "PIN_Y", "LAYER", "PIN_TYPE", "NET_NAME", "NET_TYPE", "PAD_SHAPE", "PAD_SIZEX", "PAD_SIZEY", "HOLE_SIZE", "HOLE_LEN", "PAD_ANGLE"],
	"rows": [
		[1, "GY-85_1", 4375, -280, "T", "DIP", "$1N1738", "", "R", 70.9, 70.9, 47.2, 47.2, 0],
		[2, "GY-85_1", 4375, -280, "B", "DIP", "$1N1738", "", "R", 70.9, 70.9, 47.2, 47.2, 0],
		[3, "GY-85_2", 4475, -280, "T", "DIP", "NET_1", "", "C", 70.9, 70.9, 47.2, 47.2, 0],
		[4, "GY-85_2", 4475, -280, "B", "DIP", "NET_1", "", "C", 70.9, 70.9, 47.2, 47.2, 0],
		[5, "GY-85_3", 4575, -280, "T", "DIP", "$1N2050", "", "C", 70.9, 70.9, 47.2, 47.2, 0],
		[6, "GY-85_3", 4575, -280, "B", "DIP", "$1N2050", "", "C", 70.9, 70.9, 47.2, 47.2, 0],
		[7, "GY-85_4", 4675, -280, "T", "DIP", "$1N1852", "", "C", 70.9, 70.9, 47.2, 47.2, 0],
		[8, "GY-85_4", 4675, -280, "B", "DIP", "$1N1852", "", "C", 70.9, 70.9, 47.2, 47.2, 0],
		[9, "GY-85_5", 4775, -280, "T", "DIP", "$1N1845", "", "C", 70.9, 70.9, 47.2, 47.2, 0],
		[10, "GY-85_5", 4775, -280, "B", "DIP", "$1N1845", "", "C", 70.9, 70.9, 47.2, 47.2, 0],
		[11, "GY-85_6", 4875, -280, "T", "DIP", "NET_2", "", "C", 70.9, 70.9, 47.2, 47.2, 0],
		[12, "GY-85_6", 4875, -280, "B", "DIP", "NET_2", "", "C", 70.9, 70.9, 47.2, 47.2, 0],
		[13, "GY-85_7", 4975, -280, "T", "DIP", "NET_3", "", "C", 70.9, 70.9, 47.2, 47.2, 0],
		[14, "GY-85_7", 4975, -280, "B", "DIP", "NET_3", "", "C", 70.9, 70.9, 47.2, 47.2, 0],
		[15, "GY-85_8", 5075, -280, "T", "DIP", "NET_4", "", "C", 70.9, 70.9, 47.2, 47.2, 0],
		[16, "GY-85_8", 5075, -280, "B", "DIP", "NET_4", "", "C", 70.9, 70.9, 47.2, 47.2, 0],
		[17, "U2_3V3", 940, -932.0858, "T", "DIP", "NET_5", "", "R", 78.74, 129.9, 39.37, 39.37, 270],
		[18, "U2_3V3", 940, -932.0858, "B", "DIP", "NET_5", "", "R", 78.74, 129.9, 39.37, 39.37, 270],
		[19, "U2_5V", 940, 67.9142, "T", "DIP", "$1N1738", "", "R", 78.74, 129.9, 39.37, 39.37, 270],
		[20, "U2_5V", 940, 67.9142, "B", "DIP", "$1N1738", "", "R", 78.74, 129.9, 39.37, 39.37, 270],
		[21, "U2_A0", 940, -732.0858, "T", "DIP", "NET_6", "", "R", 78.74, 129.9, 39.37, 39.37, 270],
		[22, "U2_A0", 940, -732.0858, "B", "DIP", "NET_6", "", "R", 78.74, 129.9, 39.37, 39.37, 270],
		[23, "U2_A1", 940, -632.0858, "T", "DIP", "NET_7", "", "R", 78.74, 129.9, 39.37, 39.37, 270],
		[24, "U2_A1", 940, -632.0858, "B", "DIP", "NET_7", "", "R", 78.74, 129.9, 39.37, 39.37, 270],
		[25, "U2_A2", 940, -532.0858, "T", "DIP", "NET_8", "", "R", 78.74, 129.9, 39.37, 39.37, 270],
		[26, "U2_A2", 940, -532.0858, "B", "DIP", "NET_8", "", "R", 78.74, 129.9, 39.37, 39.37, 270],
		[27, "U2_A3", 940, -432.0858, "T", "DIP", "NET_9", "", "R", 78.74, 129.9, 39.37, 39.37, 270],
		[28, "U2_A3", 940, -432.0858, "B", "DIP", "NET_9", "", "R", 78.74, 129.9, 39.37, 39.37, 270],
		[29, "U2_A4", 940, -332.0858, "T", "DIP", "$1N1845", "", "R", 78.74, 129.9, 39.37, 39.37, 270],
		[30, "U2_A4", 940, -332.0858, "B", "DIP", "$1N1845", "", "R", 78.74, 129.9, 39.37, 39.37, 270],
		[31, "U2_A5", 940, -232.0858, "T", "DIP", "$1N1852", "", "R", 78.74, 129.9, 39.37, 39.37, 270],
		[32, "U2_A5", 940, -232.0858, "B", "DIP", "$1N1852", "", "R", 78.74, 129.9, 39.37, 39.37, 270],
		[33, "U2_A6", 940, -132.0858, "T", "DIP", "NET_10", "", "R", 78.74, 129.9, 39.37, 39.37, 270],
		[34, "U2_A6", 940, -132.0858, "B", "DIP", "NET_10", "", "R", 78.74, 129.9, 39.37, 39.37, 270],
		[35, "U2_A7", 940, -32.0858, "T", "DIP", "NET_11", "", "R", 78.74, 129.9, 39.37, 39.37, 270],
		[36, "U2_A7", 940, -32.0858, "B", "DIP", "NET_11", "", "R", 78.74, 129.9, 39.37, 39.37, 270],
		[37, "U2_D10", 340, -832.0858, "T", "DIP", "NET_12", "", "R", 78.74, 129.9, 39.37, 39.37, 270],
		[38, "U2_D10", 340, -832.0858, "B", "DIP", "NET_12", "", "R", 78.74, 129.9, 39.37, 39.37, 270],
		[39, "U2_D11", 340, -932.0858, "T", "DIP", "NET_13", "", "R", 78.74, 129.9, 39.37, 39.37, 270],
		[40, "U2_D11", 340, -932.0858, "B", "DIP", "NET_13", "", "R", 78.74, 129.9, 39.37, 39.37, 270],
		[41, "U2_D12", 340, -1042.0858, "T", "DIP", "NET_14", "", "R", 78.74, 129.9, 39.37, 39.37, 270],
		[42, "U2_D12", 340, -1042.0858, "B", "DIP", "NET_14", "", "R", 78.74, 129.9, 39.37, 39.37, 270],
		[43, "U2_D13", 940, -1032.0858, "T", "DIP", "NET_15", "", "R", 78.74, 129.9, 39.37, 39.37, 270],
		[44, "U2_D13", 940, -1032.0858, "B", "DIP", "NET_15", "", "R", 78.74, 129.9, 39.37, 39.37, 270],
		[45, "U2_D2", 340, -32.0858, "T", "DIP", "NET_16", "", "R", 78.74, 129.9, 39.37, 39.37, 270],
		[46, "U2_D2", 340, -32.0858, "B", "DIP", "NET_16", "", "R", 78.74, 129.9, 39.37, 39.37, 270],
		[47, "U2_D3", 340, -132.0858, "T", "DIP", "NET_17", "", "R", 78.74, 129.9, 39.37, 39.37, 270],
		[48, "U2_D3", 340, -132.0858, "B", "DIP", "NET_17", "", "R", 78.74, 129.9, 39.37, 39.37, 270],
		[49, "U2_D4", 340, -232.0858, "T", "DIP", "NET_18", "", "R", 78.74, 129.9, 39.37, 39.37, 270],
		[50, "U2_D4", 340, -232.0858, "B", "DIP", "NET_18", "", "R", 78.74, 129.9, 39.37, 39.37, 270],
		[51, "U2_D5", 340, -332.0858, "T", "DIP", "NET_19", "", "R", 78.74, 129.9, 39.37, 39.37, 270],
		[52, "U2_D5", 340, -332.0858, "B", "DIP", "NET_19", "", "R", 78.74, 129.9, 39.37, 39.37, 270],
		[53, "U2_D6", 340, -432.0858, "T", "DIP", "NET_20", "", "R", 78.74, 129.9, 39.37, 39.37, 270],
		[54, "U2_D6", 340, -432.0858, "B", "DIP", "NET_20", "", "R", 78.74, 129.9, 39.37, 39.37, 270],
		[55, "U2_D7", 340, -532.0858, "T", "DIP", "NET_21", "", "R", 78.74, 129.9, 39.37, 39.37, 270],
		[56, "U2_D7", 340, -532.0858, "B", "DIP", "NET_21", "", "R", 78.74, 129.9, 39.37, 39.37, 270],
		[57, "U2_D8", 340, -632.0858, "T", "DIP", "NET_22", "", "R", 78.74, 129.9, 39.37, 39.37, 270],
		[58, "U2_D8", 340, -632.0858, "B", "DIP", "NET_22", "", "R", 78.74, 129.9, 39.37, 39.37, 270],
		[59, "U2_D9", 340, -732.0858, "T", "DIP", "NET_23", "", "R", 78.74, 129.9, 39.37, 39.37, 270],
		[60, "U2_D9", 340, -732.0858, "B", "DIP", "NET_23", "", "R", 78.74, 129.9, 39.37, 39.37, 270],
		[61, "U2_GND", 940, 267.9142, "T", "DIP", "$1N2050", "", "R", 78.74, 129.9, 39.37, 39.37, 270],
		[62, "U2_GND", 940, 267.9142, "B", "DIP", "$1N2050", "", "R", 78.74, 129.9, 39.37, 39.37, 270],
		[63, "U2_GND1", 340, 67.9142, "T", "DIP", "$1N2046", "", "R", 78.74, 129.9, 39.37, 39.37, 270],
		[64, "U2_GND1", 340, 67.9142, "B", "DIP", "$1N2046", "", "R", 78.74, 129.9, 39.37, 39.37, 270],
		[65, "U2_RST", 940, 167.9142, "T", "DIP", "NET_24", "", "R", 78.74, 129.9, 39.37, 39.37, 270],
		[66, "U2_RST", 940, 167.9142, "B", "DIP", "NET_24", "", "R", 78.74, 129.9, 39.37, 39.37, 270],
		[67, "U2_RST1", 340, 167.9142, "T", "DIP", "NET_25", "", "R", 78.74, 129.9, 39.37, 39.37, 270],
		[68, "U2_RST1", 340, 167.9142, "B", "DIP", "NET_25", "", "R", 78.74, 129.9, 39.37, 39.37, 270],
		[69, "U2_RX0", 340, 267.9142, "T", "DIP", "NET_26", "", "R", 78.74, 129.9, 39.37, 39.37, 270],
		[70, "U2_RX0", 340, 267.9142, "B", "DIP", "NET_26", "", "R", 78.74, 129.9, 39.37, 39.37, 270],
		[71, "U2_TX1", 340, 367.9142, "T", "DIP", "NET_27", "", "R", 78.74, 129.9, 39.37, 39.37, 270],
		[72, "U2_TX1", 340, 367.9142, "B", "DIP", "NET_27", "", "R", 78.74, 129.9, 39.37, 39.37, 270],
		[73, "U2_VIN", 940, 367.9142, "T", "DIP", "$1N2024", "", "R", 78.74, 129.9, 39.37, 39.37, 270],
		[74, "U2_VIN", 940, 367.9142, "B", "DIP", "$1N2024", "", "R", 78.74, 129.9, 39.37, 39.37, 270],
		[75, "U2_VREF", 940, -832.0858, "T", "DIP", "NET_28", "", "R", 78.74, 129.9, 39.37, 39.37, 270],
		[76, "U2_VREF", 940, -832.0858, "B", "DIP", "NET_28", "", "R", 78.74, 129.9, 39.37, 39.37, 270],
		[77, "U3_1", 1745, 1277.9142, "T", "DIP", "VCC", "", "C", 63, 63, 43.3, 43.3, 180],
		[78, "U3_1", 1745, 1277.9142, "B", "DIP", "VCC", "", "C", 63, 63, 43.3, 43.3, 180],
		[79, "U3_2", 1745, 1952.9142, "T", "DIP", "GND", "GND", "C", 63, 63, 43.3, 43.3, 180],
		[80, "U3_2", 1745, 1952.9142, "B", "DIP", "GND", "GND", "C", 63, 63, 43.3, 43.3, 180],
		[81, "U3_3", 190, 1277.9142, "T", "DIP", "$1N2024", "", "C", 63, 63, 43.3, 43.3, 180],
		[82, "U3_3", 190, 1277.9142, "B", "DIP", "$1N2024", "", "C", 63, 63, 43.3, 43.3, 180],
		[83, "U3_4", 190, 1952.9142, "T", "DIP", "$1N2046", "", "C", 63, 63, 43.3, 43.3, 180],
		[84, "U3_4", 190, 1952.9142, "B", "DIP", "$1N2046", "", "C", 63, 63, 43.3, 43.3, 180],
		[85, "PAD1_1", 2150, 1955, "T", "DIP", "GND", "GND", "C", 60, 60, 36, 36, 0],
		[86, "PAD1_1", 2150, 1955, "B", "DIP", "GND", "GND", "C", 60, 60, 36, 36, 0],
		[87, "PAD2_1", 2155, 1277.9142, "T", "DIP", "VCC", "", "C", 60, 60, 36, 36, 0],
		[88, "PAD2_1", 2155, 1277.9142, "B", "DIP", "VCC", "", "C", 60, 60, 36, 36, 0],
		[89, "PAD3_1", 1965, -125, "T", "DIP", "$1N1738", "", "C", 60, 60, 36, 36, 0],
		[90, "PAD3_1", 1965, -125, "B", "DIP", "$1N1738", "", "C", 60, 60, 36, 36, 0],
		[91, "PAD4_2", 1965, -232.0858, "T", "DIP", "$1N1852", "", "C", 60, 60, 36, 36, 0],
		[92, "PAD4_2", 1965, -232.0858, "B", "DIP", "$1N1852", "", "C", 60, 60, 36, 36, 0],
		[93, "PAD5_3", 1965, -332.0858, "T", "DIP", "$1N1845", "", "C", 60, 60, 36, 36, 0],
		[94, "PAD5_3", 1965, -332.0858, "B", "DIP", "$1N1845", "", "C", 60, 60, 36, 36, 0],
		[95, "PAD6_1", 1965, -30, "T", "DIP", "$1N2050", "", "C", 60, 60, 36, 36, 0],
		[96, "PAD6_1", 1965, -30, "B", "DIP", "$1N2050", "", "C", 60, 60, 36, 36, 0],
		[97, "PAD7_1", 4375, -280, "T", "DIP", "$1N1738", "", "R", 70.9, 70.9, 47.2, 47.2, 0],
		[98, "PAD7_1", 4375, -280, "B", "DIP", "$1N1738", "", "R", 70.9, 70.9, 47.2, 47.2, 0],
		[99, "PAD8_3", 4575, -280, "T", "DIP", "$1N2050", "", "C", 70.9, 70.9, 47.2, 47.2, 0],
		[100, "PAD8_3", 4575, -280, "B", "DIP", "$1N2050", "", "C", 70.9, 70.9, 47.2, 47.2, 0],
		[101, "PAD9_4", 4675, -280, "T", "DIP", "$1N1852", "", "C", 70.9, 70.9, 47.2, 47.2, 0],
		[102, "PAD9_4", 4675, -280, "B", "DIP", "$1N1852", "", "C", 70.9, 70.9, 47.2, 47.2, 0],
		[103, "PAD10_5", 4775, -280, "T", "DIP", "$1N1845", "", "C", 70.9, 70.9, 47.2, 47.2, 0],
		[104, "PAD10_5", 4775, -280, "B", "DIP", "$1N1845", "", "C", 70.9, 70.9, 47.2, 47.2, 0],
		[105, "PAD11_GND1", 340, 67.9142, "T", "DIP", "$1N2046", "", "R", 78.74, 129.9, 39.37, 39.37, 270],
		[106, "PAD11_GND1", 340, 67.9142, "B", "DIP", "$1N2046", "", "R", 78.74, 129.9, 39.37, 39.37, 270],
		[107, "PAD12_VIN", 940, 367.9142, "T", "DIP", "$1N2024", "", "R", 78.74, 129.9, 39.37, 39.37, 270],
		[108, "PAD12_VIN", 940, 367.9142, "B", "DIP", "$1N2024", "", "R", 78.74, 129.9, 39.37, 39.37, 270],
		[109, "PAD13_GND", 940, 267.9142, "T", "DIP", "$1N2050", "", "R", 78.74, 129.9, 39.37, 39.37, 270],
		[110, "PAD13_GND", 940, 267.9142, "B", "DIP", "$1N2050", "", "R", 78.74, 129.9, 39.37, 39.37, 270],
		[111, "PAD14_5V", 940, 67.9142, "T", "DIP", "$1N1738", "", "R", 78.74, 129.9, 39.37, 39.37, 270],
		[112, "PAD14_5V", 940, 67.9142, "B", "DIP", "$1N1738", "", "R", 78.74, 129.9, 39.37, 39.37, 270],
		[113, "PAD15_A5", 940, -232.0858, "T", "DIP", "$1N1852", "", "R", 78.74, 129.9, 39.37, 39.37, 270],
		[114, "PAD15_A5", 940, -232.0858, "B", "DIP", "$1N1852", "", "R", 78.74, 129.9, 39.37, 39.37, 270],
		[115, "PAD16_A4", 940, -332.0858, "T", "DIP", "$1N1845", "", "R", 78.74, 129.9, 39.37, 39.37, 270],
		[116, "PAD16_A4", 940, -332.0858, "B", "DIP", "$1N1845", "", "R", 78.74, 129.9, 39.37, 39.37, 270],
		[117, "PAD17_1", 1745, 1277.9142, "T", "DIP", "VCC", "", "C", 63, 63, 43.3, 43.3, 180],
		[118, "PAD17_1", 1745, 1277.9142, "B", "DIP", "VCC", "", "C", 63, 63, 43.3, 43.3, 180],
		[119, "PAD18_2", 1745, 1952.9142, "T", "DIP", "GND", "GND", "C", 63, 63, 43.3, 43.3, 180],
		[120, "PAD18_2", 1745, 1952.9142, "B", "DIP", "GND", "GND", "C", 63, 63, 43.3, 43.3, 180],
		[121, "PAD19_3", 190, 1277.9142, "T", "DIP", "$1N2024", "", "C", 63, 63, 43.3, 43.3, 180],
		[122, "PAD19_3", 190, 1277.9142, "B", "DIP", "$1N2024", "", "C", 63, 63, 43.3, 43.3, 180],
		[123, "PAD20_4", 190, 1952.9142, "T", "DIP", "$1N2046", "", "C", 63, 63, 43.3, 43.3, 180],
		[124, "PAD20_4", 190, 1952.9142, "B", "DIP", "$1N2046", "", "C", 63, 63, 43.3, 43.3, 180]
	]
}
}